BetterBet,today 22:30,Abraham,Mateus,3.4,2.33,tennis
BetterBet,tomorrow 3:00,Abelito,Borser,2.25,1.55,tennis
BetterBet,tomorrow 3:30,Absalón,Baltazar,2.8,1.64,tennis
BetterBet,tomorrow 13:00,Jamón,Bork,1.3,8.5,tennis
BetterBet,today 14:30,Javier,Georg,2.8,1.38,tennis
BetterBet,today 15:00,Gregorio,Jesus,2.75,1.4,tennis
BetterBet,today 16:30,Armando,Alfonso,1.6,2.2,tennis
BetterBet,tomorrow 14:00,Adriano,Carlos,2.3,1.55,tennis
BetterBet,tomorrow 13:00,Casimiro,Claudio,2.5,1.47,tennis
BetterBet,today 23:00,Bernando,Benito,03.05,1.33,tennis
BetterBet,today 13:00,Li,Cheng,2.45,1.76,pingpong
BetterBet,today 15:00,Lu,Buddy,2.23,1.98,pingpong
BetterBet,tomorrow 5:00,Yuan,Lilla,3.12,1.53,pingpong
BetterBet,tomorrow 2:00,Tomie,Song,3.12,1.33,pingpong
BetterBet,today 11:00,Fang,Steffen,2.45,1.65,pingpong
BetterBet,tomorrow 18:00,Xiani,Hasegawa,3.98,1.2,pingpong
BetterBet,today 13:00,Huyon,Jiang,1.34,2.99,pingpong
BetterBet,today 13:00,Kim,Chak,1.89,2.45,pingpong
BetterBet,tomorrow 7:00,Xiaoxia,Gouilang,2.54,1.76,pingpong
BetterBet,today 13:00,Laci,Roland,2.65,1.87,pingpong
BetterBet,tomorrow 21:00,Béla,Józsi,3.12,1.34,esport
BetterBet,today 23:00,Dani,Janó,4.1,1.1,esport
BetterBet,tomorrow 19:00,Róland,Mikes,1.32,2.98,esport
BetterBet,tomorrow 10:00,Tomie,Máté,1.28,3.21,esport
BetterBet,today 11:00,Barna,Ákos,2.67,1.55,esport
BetterBet,tomorrow 13:00,Balázs,Zoli,2.93,1.28,esport
BetterBet,today 12:00,Benec,Bekor,1.14,4.21,esport
BetterBet,today 20:00,Ádám,Márk,1.75,2.85,esport
BetterBet,tomorrow 7:00,Gábor,János,2.34,1.87,esport
BetterBet,today 9:00,Ferenc,Lajos,2.65,1.64,esport