Esport,today 22:30,Abraham,Mateus,1.4,2.35,tennis
Esport,tomorrow 3:00,Abelito,Borser,2.24,1.6,tennis
Esport,tomorrow 3:30,Absalón,Baltazar,2.79,1.73,tennis
Esport,tomorrow 13:00,Jamón,Bork,1.14,6.7,tennis
Esport,today 14:30,Javier,Georg,3.23,1.39,tennis
Esport,today 15:00,Gregorio,Jesus,2.8,1.44,tennis
Esport,today 16:30,Armando,Alfonso,1.59,2.76,tennis
Esport,tomorrow 14:00,Adriano,Carlos,2.49,1.36,tennis
Esport,tomorrow 13:00,Casimiro,Claudio,2.47,1.45,tennis
Esport,today 23:00,Bernando,Benito,2.81,1.46,tennis
Esport,today 13:00,Li,Cheng,2.22,1.98,pingpong
Esport,today 15:00,Lu,Buddy,2.54,1.69,pingpong
Esport,tomorrow 5:00,Yuan,Lilla,3.43,1.54,pingpong
Esport,tomorrow 2:00,Tomie,Song,3.65,1.22,pingpong
Esport,today 11:00,Fang,Steffen,2.75,1.43,pingpong
Esport,tomorrow 18:00,Xiani,Hasegawa,3.78,1.23,pingpong
Esport,today 13:00,Huyon,Jiang,1.54,2.91,pingpong
Esport,today 13:00,Kim,Chak,1.98,2.78,pingpong
Esport,tomorrow 7:00,Xiaoxia,Gouilang,2.12,1.89,pingpong
Esport,today 13:00,Laci,Roland,2.48,1.67,pingpong
Esport,tomorrow 21:00,Béla,Józsi,3.01,1.3,esport
Esport,today 23:00,Dani,Janó,3.67,1.23,esport
Esport,tomorrow 19:00,Róland,Mikes,1.78,2.45,esport
Esport,tomorrow 10:00,Tomie,Máté,1.23,3.78,esport
Esport,today 11:00,Barna,Ákos,2.45,1.77,esport
Esport,tomorrow 13:00,Balázs,Zoli,3.54,1.19,esport
Esport,today 12:00,Benec,Bekor,1.43,3.78,esport
Esport,today 20:00,Ádám,Márk,1.43,2.99,esport
Esport,tomorrow 7:00,Gábor,János,2.34,1.77,esport
Esport,today 9:00,Ferenc,Lajos,2.79,1.45,esport