MegaBet,today 22:30,Abraham,Mateus,1.55,2.25,tennis
MegaBet,tomorrow 3:00,Abelito,Borser,2.1,1.7,tennis
MegaBet,tomorrow 3:30,Absalón,Baltazar,2.8,1.64,tennis
MegaBet,tomorrow 13:00,Jamón,Bork,1.1,7,tennis
MegaBet,today 14:30,Javier,Georg,3,1.45,tennis
MegaBet,today 15:00,Gregorio,Jesus,2.75,1.4,tennis
MegaBet,today 16:30,Armando,Alfonso,1.55,2.1,tennis
MegaBet,tomorrow 14:00,Adriano,Carlos,2.55,1.33,tennis
MegaBet,tomorrow 13:00,Casimiro,Claudio,2.5,1.5,tennis
MegaBet,today 23:00,Bernando,Benito,2.85,1.66,tennis
MegaBet,today 13:00,Li,Cheng,2.31,1.65,Ping-Pong
MegaBet,today 15:00,Lu,Buddy,2.11,1.89,Ping-Pong
MegaBet,tomorrow 5:00,Yuan,Lilla,3.78,1.23,Ping-Pong
MegaBet,tomorrow 2:00,Tomie,Song,3.34,1.43,Ping-Pong
MegaBet,today 11:00,Fang,Steffen,2.98,1.32,Ping-Pong
MegaBet,tomorrow 18:00,Xiani,Hasegawa,3.43,1.32,Ping-Pong
MegaBet,today 13:00,Huyon,Jiang,1.76,2.62,Ping-Pong
MegaBet,today 13:00,Kim,Chak,1.43,3.1,Ping-Pong
MegaBet,tomorrow 7:00,Xiaoxia,Gouilang,2.32,1.76,Ping-Pong
MegaBet,today 13:00,Laci,Roland,2.43,1.65,Ping-Pong
MegaBet,tomorrow 21:00,Béla,Józsi,2.92,1.43,E-sport
MegaBet,today 23:00,Dani,Janó,3.45,1.29,E-sport
MegaBet,tomorrow 19:00,Róland,Mikes,1.96,2.34,E-sport
MegaBet,tomorrow 10:00,Tomie,Máté,1.32,3.3,E-sport
MegaBet,today 11:00,Barna,Ákos,2.9,1.54,E-sport
MegaBet,tomorrow 13:00,Balázs,Zoli,3.74,1.12,E-sport
MegaBet,today 12:00,Benec,Bekor,1.53,3.1,E-sport
MegaBet,today 20:00,Ádám,Márk,1.65,2.76,E-sport
MegaBet,tomorrow 7:00,Gábor,János,2.67,1.71,E-sport
MegaBet,today 9:00,Ferenc,Lajos,2.54,1.56,E-sport